<?xml version='1.0' encoding='utf-8' standalone='yes' ?>
<map>
    <int name="cevronDrawer" value="-16748801" />
    <boolean name="hiden_instagram" value="false" />
    <boolean name="h_vs_s" value="false" />
    <int name="Header_atas" value="-263173" />
    <int name="kota_an_njero" value="-11645362" />
    <int name="ModChaSendBKColor" value="-16777216" />
    <int name="quoted_text_picker" value="-2894893" />
    <int name="tittle_size" value="18" />
    <int name="key_avatar_border_size" value="0" />
    <boolean name="disable_hiddenchat_access" value="true" />
    <boolean name="my_statusd" value="true" />
    <int name="navigasi" value="-16777216" />
    <boolean name="imsHideVStatus" value="false" />
    <boolean name="Text_nama_Gactive" value="false" />
    <boolean name="ModContactNameColor_Gactive" value="false" />
    <boolean name="date_bubble_color_picker_Gactive" value="false" />
    <int name="HomeText" value="-16777216" />
    <boolean name="newAttach_BottomDesign" value="false" />
    <int name="chat_icon_bg_forward_picker" value="-12961222" />
    <int name="ikonDrawer" value="-16579837" />
    <boolean name="Conv_call_btn" value="false" />
    <boolean name="ModFabTextColor_Gactive" value="false" />
    <boolean name="Hide_div" value="false" />
    <int name="attachCiat" value="-16416001" />
    <int name="statuses_bar_bg_picker_GC" value="-263173" />
    <boolean name="isSwipeEnabled" value="false" />
    <boolean name="hiden_fab" value="true" />
    <boolean name="HomeBarText_Gactive" value="false" />
    <boolean name="Header_atas_Gactive" value="false" />
    <int name="ModWdgTitleColor" value="-1" />
    <int name="ModFabText" value="-16746753" />
    <int name="ig_story" value="-16777216" />
    <boolean name="onlinechat" value="true" />
    <boolean name="enable_fivminstatus" value="true" />
    <string name="ui_home_styleV3">ios</string>
    <string name="convostyle">0</string>
    <boolean name="ModFabBgColor_Gactive" value="false" />
    <int name="quoted_bg_picker_GCDir" value="3" />
    <int name="HomeCounterBK" value="-12280833" />
    <int name="ModChatBubbleTextLeft" value="-526345" />
    <boolean name="enable_grp_separationV2" value="true" />
    <int name="quoted_divider_picker" value="1728174" />
    <boolean name="chat_contactpicV2" value="false" />
    <boolean name="chats_row_divider_picker_Gactive" value="false" />
    <int name="ModFabTextColor" value="-14197860" />
    <int name="Text_Drawer" value="-16579837" />
    <boolean name="HomeText_Gactive" value="false" />
    <int name="border_poto" value="16514043" />
    <boolean name="ModConTextColor_Gactive" value="false" />
    <boolean name="group_mypicV2" value="false" />
    <int name="SearchViw" value="-1488961472" />
    <int name="ModConBackColor" value="-16777216" />
    <int name="oh_anunya" value="-12280833" />
    <boolean name="yo_hideinfo" value="true" />
    <boolean name="attachChat_Gactive" value="false" />
    <boolean name="Hide_contact_picker_section_recent_chats" value="false" />
    <int name="chats_date_pending_color_picker" value="-6118750" />
    <boolean name="hiden_ss" value="false" />
    <boolean name="toolbar_wallpaper" value="false" />
    <boolean name="oh_anunya_Gactive" value="false" />
    <boolean name="hide_acv" value="false" />
    <int name="HomeCounterText" value="-15263977" />
    <boolean name="tabadgeBKColor_Gactive" value="false" />
    <int name="ModFabBgColor" value="-15263977" />
    <int name="ModChatBubbleHyperlinks" value="-16747521" />
    <int name="ModlastseenColor" value="-6118750" />
    <boolean name="Hide_contact_picker_section_frequent_chats" value="false" />
    <int name="ModDarkConPickColorNav" value="-15263977" />
    <int name="BGColor" value="-15263977" />
    <boolean name="hiden_nav" value="false" />
    <string name="font">Default</string>
    <boolean name="on_anim" value="false" />
    <int name="quoted_bg_picker" value="318503931" />
    <boolean name="Searchikon_Gactive" value="false" />
    <boolean name="pagetitle_picker_Gactive" value="false" />
    <int name="statuses_bar_bg_picker_GCDir" value="3" />
    <boolean name="statuschat" value="true" />
    <int name="Text_Status" value="-11645362" />
    <boolean name="quoted_divider_picker_Gactive" value="false" />
    <boolean name="HomeBarBar_Gactive" value="false" />
    <boolean name="ModChaSendColor_Gactive" value="false" />
    <int name="ModChatEmojiColor" value="-12280833" />
    <int name="ModChaSendColor" value="-12280833" />
    <int name="Img_highres_seek" value="1" />
    <int name="pagetitle_sel_picker" value="-12280833" />
    <int name="runtex" value="-263173" />
    <boolean name="ModDarkConPickColorNav_Gactive" value="false" />
    <int name="ModChatColor" value="-16777216" />
    <boolean name="Text_Drawer_Gactive" value="false" />
    <boolean name="kota_an_njero_Gactive" value="false" />
    <int name="tabadgeBKColor" value="-914677" />
    <boolean name="hiden_ig" value="false" />
    <boolean name="emojipopup_header_Gactive" value="false" />
    <boolean name="HomeCounterBK_Gactive" value="false" />
    <boolean name="home_imgBK" value="false" />
    <string name="yo_nicons">50</string>
    <boolean name="quoted_name_picker_Gactive" value="false" />
    <boolean name="custom_wall_profilepic" value="false" />
    <boolean name="mention_color_chat_picker_Gactive" value="false" />
    <boolean name="chat_icon_bg_forward_picker_Gactive" value="false" />
    <boolean name="ModWdgTitleColor_Gactive" value="false" />
    <boolean name="date_right_color_Gactive" value="false" />
    <int name="tabadgeTextColor" value="-1" />
    <boolean name="navigasi_Gactive" value="false" />
    <string name="ConvoEntry">28</string>
    <int name="cevronChat" value="-6118750" />
    <int name="ModConColor" value="-16777216" />
    <boolean name="chats_show_contact_online_toast_check" value="true" />
    <boolean name="key_tab_unselect_menu_Gactive" value="false" />
    <string name="tick_style">rcios11</string>
    <boolean name="Img_share_limit" value="true" />
    <boolean name="hide_fab" value="true" />
    <boolean name="status_ch_Gactive" value="false" />
    <boolean name="chats_show_contact_online_toast_check_" value="false" />
    <boolean name="ModChatGStatusT_Gactive" value="false" />
    <int name="tabindicator" value="-16419329" />
    <int name="Searchikon" value="-5855578" />
    <boolean name="imsHideMStatus" value="false" />
    <boolean name="ModChatTextColor_Gactive" value="false" />
    <string name="ui_bottom_style">ios</string>
    <boolean name="my_name" value="false" />
    <boolean name="TxtSelect" value="false" />
    <int name="pagetitle_picker" value="-6118750" />
    <string name="tabs_fix">2</string>
    <int name="ModFabColor" value="-15263977" />
    <int name="ModChatDarkColor" value="-16777216" />
    <int name="Header_bawah" value="-263173" />
    <boolean name="hide_action_a" value="false" />
    <boolean name="hide_action_b" value="false" />
    <boolean name="ModFabPressedColor_Gactive" value="false" />
    <boolean name="ikonNavigasi_Gactive" value="false" />
    <int name="mention_color_chats_picker" value="-16777216" />
    <int name="HomeBarBar" value="-526345" />
    <boolean name="quoted_text_picker_Gactive" value="false" />
    <string name="home_kharis">3</string>
    <boolean name="ModConPickColor_Gactive" value="false" />
    <string name="HomeEntry">yousef</string>
    <boolean name="statuses_bar_text_picker_Gactive" value="false" />
    <int name="date_divider_color_picker" value="-1" />
    <int name="main_text" value="14" />
    <boolean name="ModChatRightBubble_Gactive" value="false" />
    <boolean name="ModConColor_Gactive" value="false" />
    <int name="text_size_pick" value="14" />
    <int name="ModChatBubbleText" value="-526345" />
    <int name="rvkdmsg_icon_color" value="-12280833" />
    <int name="mensen" value="-12280833" />
    <boolean name="ModChatGStatusB_Gactive" value="false" />
    <int name="emojipopup_icons" value="-16746753" />
    <boolean name="quoted_bg_picker_Gactive" value="false" />
    <int name="chats_row_divider_picker" value="-15263977" />
    <int name="ModFabNormalColor" value="-15263977" />
    <boolean name="Header_bawah_Gactive" value="false" />
    <boolean name="hide_action_l" value="false" />
    <boolean name="ModWdgStatusColor_Gactive" value="false" />
    <int name="ModContactNameColor" value="-526345" />
    <boolean name="hide_action_m" value="false" />
    <boolean name="Audio_sensor" value="false" />
    <boolean name="status_nm_Gactive" value="false" />
    <boolean name="mention_color_chats_picker_Gactive" value="false" />
    <boolean name="h_mvs_s" value="false" />
    <int name="UnSeenColor" value="-12280833" />
    <boolean name="tabadgeTextColor_Gactive" value="false" />
    <boolean name="BGColor_Gactive" value="false" />
    <boolean name="HomeBarBar2_Gactive" value="false" />
    <boolean name="ModFabText_Gactive" value="false" />
    <int name="ModConDarkColor" value="-16777216" />
    <int name="date_right_color" value="-2894893" />
    <int name="emojipopup_body" value="-16777216" />
    <int name="ikonNavigasi" value="-16748801" />
    <string name="chats_play_contact_online_tone"></string>
    <boolean name="emojipopup_body_Gactive" value="false" />
    <boolean name="NameProf" value="false" />
    <boolean name="ModChatEmojiColor_Gactive" value="false" />
    <boolean name="ModChatBtnColor_Gactive" value="false" />
    <int name="ModChatRightBubble" value="-15769769" />
    <int name="ModChatLeftBubble" value="-12961222" />
    <boolean name="ModChaSendBKColor_Gactive" value="false" />
    <boolean name="cevronDrawer_Gactive" value="false" />
    <boolean name="tittle_center" value="false" />
    <boolean name="start_bl" value="false" />
    <int name="yoTostC" value="-12280833" />
    <boolean name="pagetitle_sel_picker_Gactive" value="false" />
    <boolean name="chat_icon_forward_picker_Gactive" value="false" />
    <int name="quoted_bg_picker_GC" value="-16777216" />
    <boolean name="yo_want_airplanemode" value="true" />
    <int name="ModDarkConPickColor" value="-15263977" />
    <int name="status_ch" value="-1" />
    <int name="yoTostT" value="-1" />
    <boolean name="chat_mypicV2" value="false" />
    <int name="ModConTextColor" value="-4868683" />
    <boolean name="key_with_thumb" value="true" />
    <int name="attachbg" value="-15263977" />
    <boolean name="chats_date_pending_color_picker_Gactive" value="false" />
    <int name="HomeBarBar2" value="-8026747" />
    <boolean name="ModOnlineColor_Gactive" value="false" />
    <int name="key_badge_size" value="46" />
    <boolean name="hiden_search_act" value="true" />
    <boolean name="date_divider_color_picker_Gactive" value="false" />
    <boolean name="PicProf" value="false" />
    <int name="chat_icon_forward_picker" value="-1" />
    <boolean name="SeenColor_Gactive" value="false" />
    <boolean name="btn_voice_color_chat_picker_Gactive" value="false" />
    <boolean name="hiden_group" value="false" />
    <string name="bubble_style">cvios</string>
    <boolean name="ModChatColor_Gactive" value="false" />
    <boolean name="cevronChat_Gactive" value="false" />
    <int name="mention_color_chat_picker" value="-16777216" />
    <int name="ModChatBtnColor" value="-12280833" />
    <boolean name="ModChatLeftBubble_Gactive" value="false" />
    <string name="listanimation">0</string>
    <string name="pic_startlocation">1</string>
    <boolean name="h_ms_s" value="false" />
    <int name="key_tab_unselect_menu" value="-6118750" />
    <boolean name="AttBt" value="false" />
    <boolean name="pic_inside" value="false" />
    <boolean name="HomeCounterText_Gactive" value="false" />
    <boolean name="statuses_toast" value="true" />
    <int name="date_left_color" value="-6118750" />
    <int name="key_image_resolution" value="6" />
    <boolean name="ModDarkConPickColor_Gactive" value="false" />
    <boolean name="ModChatBubbleText_Gactive" value="false" />
    <int name="date_bubble_color_picker" value="-12961222" />
    <int name="seekbar_color_chat_picker" value="-16777216" />
    <int name="ModFabPressedColor" value="-15263977" />
    <boolean name="status_nw_Gactive" value="false" />
    <int name="statuses_bar_bg_picker" value="-15263977" />
    <boolean name="emojipopup_icons_Gactive" value="false" />
    <int name="emojipopup_header" value="-16777216" />
    <int name="ModChatGStatusB" value="-263173" />
    <int name="quoted_name_picker" value="-1" />
    <int name="HomeBarText" value="-12280833" />
    <boolean name="yoTostC_Gactive" value="false" />
    <boolean name="imsHideRStatus" value="false" />
    <boolean name="tittle_bold" value="false" />
    <int name="ModChatGStatusT" value="-6118750" />
    <boolean name="hiden_prof" value="false" />
    <boolean name="log_show_name_check" value="true" />
    <boolean name="tabindicator_Gactive" value="false" />
    <int name="statuses_bar_text_picker" value="-12280833" />
    <boolean name="attachbg_Gactive" value="false" />
    <boolean name="Text_Status_Gactive" value="false" />
    <boolean name="Hide_contact_picker_section_other_contacts" value="true" />
    <int name="ModWdgStatusColor" value="-9079435" />
    <int name="status_nw" value="-12280833" />
    <int name="row_resizer" value="0" />
    <int name="Text_nama" value="-16777216" />
    <boolean name="seekbar_color_chat_picker_Gactive" value="false" />
    <boolean name="enable_ig_stories" value="true" />
    <int name="ModConPickColor" value="-16777216" />
    <boolean name="SearchViw_Gactive" value="false" />
    <boolean name="enable_old" value="false" />
    <int name="status_nm" value="-1599954270" />
    <boolean name="mensen_Gactive" value="false" />
    <string name="key_story_view">2</string>
    <boolean name="read_more" value="false" />
    <boolean name="date_left_color_Gactive" value="false" />
    <boolean name="rvkdmsg_icon_color_Gactive" value="false" />
    <boolean name="border_poto_Gactive" value="false" />
    <boolean name="yo_want_nightmode" value="true" />
    <boolean name="runtex_Gactive" value="false" />
    <boolean name="UnSeenColor_Gactive" value="false" />
    <boolean name="ModConBackColor_Gactive" value="false" />
    <int name="Text_Nama" value="-16579837" />
    <int name="pic_chat_size_pickerV2" value="40" />
    <boolean name="custom_wall" value="false" />
    <boolean name="ModChatBubbleTextLeft_Gactive" value="false" />
    <boolean name="ModChatEntry_Gactive" value="false" />
    <boolean name="elapsed_time" value="false" />
    <int name="btn_voice_color_chat_picker" value="-16746753" />
    <int name="attachChat" value="-1" />
    <boolean name="ModlastseenColor_Gactive" value="false" />
    <string name="key_application_theme">1</string>
    <boolean name="ModFabNormalColor_Gactive" value="false" />
    <int name="ModChatEntry" value="1570939554" />
    <boolean name="Audio_ears" value="false" />
    <boolean name="yoTostT_Gactive" value="false" />
    <int name="ModWdgBKColor" value="-15263977" />
    <boolean name="enable_size" value="false" />
    <int name="square_photo_ratio_picker" value="100" />
    <boolean name="ikonDrawer_Gactive" value="false" />
    <boolean name="statuses_bar_bg_picker_Gactive" value="false" />
    <int name="ModChatTextColor" value="-1" />
    <boolean name="ModFabColor_Gactive" value="false" />
    <boolean name="group_participants_picV2" value="false" />
    <boolean name="ModWdgBKColor_Gactive" value="false" />
    <boolean name="participant_name_color_picker_Gactive" value="false" />
    <boolean name="Text_Nama_Gactive" value="false" />
    <boolean name="ModChatBubbleHyperlinks_Gactive" value="false" />
    <boolean name="ig_story_Gactive" value="false" />
    <boolean name="attachCiat_Gactive" value="false" />
    <int name="SeenColor" value="-2368549" />
    <int name="ModOnlineColor" value="-12280833" />
</map>
